Ver. 12.14.21,,TUS Worksheet for,,,,"=CONCATENATE(D9,Comparison_Report!S24,""0"",D24)",,,,,,,,,,,,,,,,,,,,,,
,,,,,,,,,,,,,,,,,,,,,,,,,,,,
,,Calibration Date:,,,,,,,Temperature Uniformity Information,,,,Thermocouple Info,,,,,,,,,,,,,,,
,,Condition:,Used,,,,,,Highest Deviation:,,"=IF(ISERROR(Access_Data!$D$33),0,Access_Data!$D$33)",,Point #,T/C Name,ALERTS,,TEMP,TIME,,,,,,,,,,
,,Customer:,,,,,,,Lowest Deviation:,,"=IF(ISERROR(Access_Data!$D$33),0,Access_Data!$H$33)",,1,,"=IF(Access_Data!$K37=0,"""",Access_Data!$K37)",,"=IF(Access_Data!$K37<>0,IF(RIGHT($P5,3)=""Low"",Access_Data!$L37,IF(RIGHT($P5,4)=""High"",Access_Data!$J37,"""")),"""")","=IF(Access_Data!$M37<>0,Access_Data!$M37,"""")",,,,,"=IF(O5="""","""",1)",,,,,
,,Unit:,,,,,,,Total Deviation:,,"=IF(ISERROR(Access_Data!$A$52),0,Access_Data!$A$52)",,2,,"=IF(Access_Data!$K38=0,"""",Access_Data!$K38)",,"=IF(Access_Data!$K38<>0,IF(RIGHT($P6,3)=""Low"",Access_Data!$L38,IF(RIGHT($P6,4)=""High"",Access_Data!$J38,"""")),"""")","=IF(Access_Data!$M38<>0,Access_Data!$M38,"""")",,,,,"=IF(O6="""","""",1)",,,,,
,,Operator:,,,,,,,,,,,3,,"=IF(Access_Data!$K39=0,"""",Access_Data!$K39)",,"=IF(Access_Data!$K39<>0,IF(RIGHT($P7,3)=""Low"",Access_Data!$L39,IF(RIGHT($P7,4)=""High"",Access_Data!$J39,"""")),"""")","=IF(Access_Data!$M39<>0,Access_Data!$M39,"""")",,,,,"=IF(O7="""","""",1)",,,,,
,,,,,"=IF(N49="""",""CHECK TUNING CONSTANTS"","""")",,,,,,,,4,,"=IF(Access_Data!$K40=0,"""",Access_Data!$K40)",,"=IF(Access_Data!$K40<>0,IF(RIGHT($P8,3)=""Low"",Access_Data!$L40,IF(RIGHT($P8,4)=""High"",Access_Data!$J40,"""")),"""")","=IF(Access_Data!$M40<>0,Access_Data!$M40,"""")",,,,,"=IF(O8="""","""",1)",,,,,
,,DaqBook:,,,,,,,,,,,5,,"=IF(Access_Data!$K41=0,"""",Access_Data!$K41)",,"=IF(Access_Data!$K41<>0,IF(RIGHT($P9,3)=""Low"",Access_Data!$L41,IF(RIGHT($P9,4)=""High"",Access_Data!$J41,"""")),"""")","=IF(Access_Data!$M41<>0,Access_Data!$M41,"""")",,,,,"=IF(O9="""","""",1)",,,,,
,,,,,,"=IF(OR(ISNA(Access_Data!D33),ISBLANK(D19),ISBLANK(D16)),"""",IF(OR(ABS(Access_Data!D33)>D19,ABS(Access_Data!H33)>D19),""!!!!! OVEN IS OOT !!!!!"",""""))",,,,,,,6,,"=IF(Access_Data!$K42=0,"""",Access_Data!$K42)",,"=IF(Access_Data!$K42<>0,IF(RIGHT($P10,3)=""Low"",Access_Data!$L42,IF(RIGHT($P10,4)=""High"",Access_Data!$J42,"""")),"""")","=IF(Access_Data!$M42<>0,Access_Data!$M42,"""")",,,,,"=IF(O10="""","""",1)",,,,,
,,Daqbook SN:,"=VLOOKUP(D9,Standards_Info!A2:C11,3)",,,"=IF(OR(ISBLANK(D3),ISBLANK(D13)),"""",IF(D13<D3,""!!!!! DAQBOOK IS OUT OF CERTIFICATION !!!!!"",""""))",,,,,,,7,,"=IF(Access_Data!$K43=0,"""",Access_Data!$K43)",,"=IF(Access_Data!$K43<>0,IF(RIGHT($P11,3)=""Low"",Access_Data!$L43,IF(RIGHT($P11,4)=""High"",Access_Data!$J43,"""")),"""")","=IF(Access_Data!$M43<>0,Access_Data!$M43,"""")",,,,,"=IF(O11="""","""",1)",,,,,
,,DaqBook Date Tested:,,,,"=IF(Access_Data!$B$52=1,""!!!!! OVEN OVERSHOT IN POINTS 1-14 !!!!!"","""")",,,,,,,8,,"=IF(Access_Data!$K44=0,"""",Access_Data!$K44)",,"=IF(Access_Data!$K44<>0,IF(RIGHT($P12,3)=""Low"",Access_Data!$L44,IF(RIGHT($P12,4)=""High"",Access_Data!$J44,"""")),"""")","=IF(Access_Data!$M44<>0,Access_Data!$M44,"""")",,,,,"=IF(O12="""","""",1)",,,,,
,,DaqBook Date Due,,,,"=IF(Access_Data!$C$52=1,""!!!!! OVEN OVERSHOT IN POINTS 15-28 !!!!!"","""")",,,PO (if any):,,,,9,,"=IF(Access_Data!$K45=0,"""",Access_Data!$K45)",,"=IF(Access_Data!$K45<>0,IF(RIGHT($P13,3)=""Low"",Access_Data!$L45,IF(RIGHT($P13,4)=""High"",Access_Data!$J45,"""")),"""")","=IF(Access_Data!$M45<>0,Access_Data!$M45,"""")",,,,,"=IF(O13="""","""",1)",,,,,
,,DaqBook Traceability No:,"=IF(MONTH(D13-D12)=1,D9&TEXT(D12,""mmddyy""),CONCATENATE(D9&""_""&TEXT(D12,""mmyy"")))",,,"=IF(Access_Data!$D$52=1,""!!!!! OVEN OVERSHOT IN POINTS 29-40"","""")",,,JGI Order #:,,,,10,,"=IF(Access_Data!$K46=0,"""",Access_Data!$K46)",,"=IF(Access_Data!$K46<>0,IF(RIGHT($P14,3)=""Low"",Access_Data!$L46,IF(RIGHT($P14,4)=""High"",Access_Data!$J46,"""")),"""")","=IF(Access_Data!$M46<>0,Access_Data!$M46,"""")",,,,,"=IF(O14="""","""",1)",,,,,
,,Set Point:,,,,,True,,Load Type:,,,,11,,"=IF(Access_Data!$K47=0,"""",Access_Data!$K47)",,"=IF(Access_Data!$K47<>0,IF(RIGHT($P15,3)=""Low"",Access_Data!$L47,IF(RIGHT($P15,4)=""High"",Access_Data!$J47,"""")),"""")","=IF(Access_Data!$M47<>0,Access_Data!$M47,"""")",,,,,"=IF(O15="""","""",1)",,,,,
,,Test Temperature:,,,Overshoot:,NONE OBSERVED,,,# Seconds (Sim Load Hot):,,,,12,,"=IF(Access_Data!$K48=0,"""",Access_Data!$K48)",,"=IF(Access_Data!$K48<>0,IF(RIGHT($P16,3)=""Low"",Access_Data!$L48,IF(RIGHT($P16,4)=""High"",Access_Data!$J48,"""")),"""")","=IF(Access_Data!$M48<>0,Access_Data!$M48,"""")",,,,,"=IF(O16="""","""",1)",,,,,
,,# of Test Points:,,,Equip Load:,='Header Info'!CC2,,,Load Entry (Sim Load Hot):,,"=IF(K15=""SIM Load Hot"",TEXT(D26,""hh:mm""),"""")",,13,,"=IF(Access_Data!$K49=0,"""",Access_Data!$K49)",,"=IF(Access_Data!$K49<>0,IF(RIGHT($P17,3)=""Low"",Access_Data!$L49,IF(RIGHT($P17,4)=""High"",Access_Data!$J49,"""")),"""")","=IF(Access_Data!$M49<>0,Access_Data!$M49,"""")",,,,,"=IF(O17="""","""",1)",,,,,
,,Comp Interval:,,,Results:,ACCEPTED,,,,,,,14,,"=IF(Access_Data!$K50=0,"""",Access_Data!$K50)",,"=IF(Access_Data!$K50<>0,IF(RIGHT($P18,3)=""Low"",Access_Data!$L50,IF(RIGHT($P18,4)=""High"",Access_Data!$J50,"""")),"""")","=IF(Access_Data!$M50<>0,Access_Data!$M50,"""")",,,,,"=IF(O18="""","""",1)",,,,,
,,Tolerance:,,,Recovery:,"=IF(K15=""Salt"",0, IF(OR(K15=""Hot"",K15=""SIM Load Hot""),IF(OR(D26="""",D28=""""),""N/A"",IF(ISBLANK(D26),""N/A"",D28-D26)),""N/A""))",,"=IF(G19=""N/A"",""N/A"",IF(G19=0,""<2"",ROUND(IF(LEN(G19)>3,G19*1440,RIGHT(TEXT(G19,""hh:mm""),2)),0))&"" MINUTES"")",,,,,15,,"=IF(Access_Data!$K51=0,"""",Access_Data!$K51)",,"=IF(Access_Data!$K51<>0,IF(RIGHT($P19,3)=""Low"",Access_Data!$L51,IF(RIGHT($P19,4)=""High"",Access_Data!$J51,"""")),"""")","=IF(Access_Data!$M51<>0,Access_Data!$M51,"""")",,,,,"=IF(O19="""","""",1)",,,,,
,"=IF(I94=TRUE,""SAT Tolerance (per AMS2750):"",""SAT Tolerance (per BAC5621):"")",,=G94,,,,,,,,,,16,,"=IF(Access_Data!$K52=0,"""",Access_Data!$K52)",,"=IF(Access_Data!$K52<>0,IF(RIGHT($P20,3)=""Low"",Access_Data!$L52,IF(RIGHT($P20,4)=""High"",Access_Data!$J52,"""")),"""")","=IF(Access_Data!$M52<>0,Access_Data!$M52,"""")",,,,,"=IF(O20="""","""",1)",,,,,
,,,,,,,,,,,,,17,,"=IF(Access_Data!$K53=0,"""",Access_Data!$K53)",,"=IF(Access_Data!$K53<>0,IF(RIGHT($P21,3)=""Low"",Access_Data!$L53,IF(RIGHT($P21,4)=""High"",Access_Data!$J53,"""")),"""")","=IF(Access_Data!$M53<>0,Access_Data!$M53,"""")",,,,,"=IF(O21="""","""",1)",,,,,
,,Temperature:,,,,,,,,,,,18,,"=IF(Access_Data!$K54=0,"""",Access_Data!$K54)",,"=IF(Access_Data!$K54<>0,IF(RIGHT($P22,3)=""Low"",Access_Data!$L54,IF(RIGHT($P22,4)=""High"",Access_Data!$J54,"""")),"""")","=IF(Access_Data!$M54<>0,Access_Data!$M54,"""")",,,,,"=IF(O22="""","""",1)",,,,,
,,Humidty %:,,,Comments-1:,Found in tolerance.  No adjustment required.,,,,,,,19,,"=IF(Access_Data!$K55=0,"""",Access_Data!$K55)",,"=IF(Access_Data!$K55<>0,IF(RIGHT($P23,3)=""Low"",Access_Data!$L55,IF(RIGHT($P23,4)=""High"",Access_Data!$J55,"""")),"""")","=IF(Access_Data!$M55<>0,Access_Data!$M55,"""")",,"=IF(X45=10,Z23,IF(X45=11,Z24,IF(X45=12,Z25,IF(X45=13,Z26,IF(X45=14,Z27,"""")))))",,,"=IF(O23="""","""",1)",10,DaqBook points 15-24 used.,,,
,"Qualer WO Line (-01,-02, -03):",,,,Comments-2:,,,,,,,,20,,"=IF(Access_Data!$K56=0,"""",Access_Data!$K56)",,"=IF(Access_Data!$K56<>0,IF(RIGHT($P24,3)=""Low"",Access_Data!$L56,IF(RIGHT($P24,4)=""High"",Access_Data!$J56,"""")),"""")","=IF(Access_Data!$M56<>0,Access_Data!$M56,"""")",,False,,,"=IF(O24="""","""",1)",11,DaqBook points 15-25 used.,,,
,,,,,Comments-3:,,,,,,,,21,,"=IF(Access_Data!$K57=0,"""",Access_Data!$K57)",,"=IF(Access_Data!$K57<>0,IF(RIGHT($P25,3)=""Low"",Access_Data!$L57,IF(RIGHT($P25,4)=""High"",Access_Data!$J57,"""")),"""")","=IF(Access_Data!$M57<>0,Access_Data!$M57,"""")",,"=IF(U24=TRUE,U23,IF(U30=TRUE,U29,""""))",,,"=IF(O25="""","""",1)",12,DaqBook points 15-26 used.,,,
,,T/C's In:,,"=TEXT(D26,""hh:mm"")",,,,,,,,,22,,"=IF(Access_Data!$K58=0,"""",Access_Data!$K58)",,"=IF(Access_Data!$K58<>0,IF(RIGHT($P26,3)=""Low"",Access_Data!$L58,IF(RIGHT($P26,4)=""High"",Access_Data!$J58,"""")),"""")","=IF(Access_Data!$M58<>0,Access_Data!$M58,"""")",,,,,"=IF(O26="""","""",1)",13,DaqBook points 15-27 used.,,,
,10,1st Pt In Tol:,,,Cont Test Date:,"=IF('Header Info'!CB$2=""y"",""Cal by Customer"",D$3)","=IF(ISBLANK(D6),"""",IF('Header Info'!CB2=""x"",""CHECK INSTRUMENT CAL DATES!!!!             CHECK INSTRUMENT CAL DATES!!!!"",""""))",,,,,,23,,"=IF(Access_Data!$K59=0,"""",Access_Data!$K59)",,"=IF(Access_Data!$K59<>0,IF(RIGHT($P27,3)=""Low"",Access_Data!$L59,IF(RIGHT($P27,4)=""High"",Access_Data!$J59,"""")),"""")","=IF(Access_Data!$M59<>0,Access_Data!$M59,"""")",,,,,"=IF(O27="""","""",1)",14,DaqBook points 15-28 used.,,,
,30,All Pts In Tol:,,,Rec Test Date:,"=IF('Header Info'!CB$2=""y"",""Cal by Customer"",D$3)",,,,,,,24,,"=IF(Access_Data!$K60=0,"""",Access_Data!$K60)",,"=IF(Access_Data!$K60<>0,IF(RIGHT($P28,3)=""Low"",Access_Data!$L60,IF(RIGHT($P28,4)=""High"",Access_Data!$J60,"""")),"""")","=IF(Access_Data!$M60<>0,Access_Data!$M60,"""")",,,,,"=IF(O28="""","""",1)",,,,,
,40,Lag Time:,"=(IF(OR(D27="""",D28=""""),"""",IF(ISBLANK(D27),"""",D28-D27)))","=IF(D29=0,""<2"",ROUND(IF(LEN(D29)>3,D29*1440,TEXT(D29,""hh:mm"")),0)) &"" MINUTES""",(Change date if different from today),,,,,,,,25,,"=IF(Access_Data!$K61=0,"""",Access_Data!$K61)",,"=IF(Access_Data!$K61<>0,IF(RIGHT($P29,3)=""Low"",Access_Data!$L61,IF(RIGHT($P29,4)=""High"",Access_Data!$J61,"""")),"""")","=IF(Access_Data!$M61<>0,Access_Data!$M61,"""")",,"=IF(X45=10,Z29,IF(X45=11,Z30,IF(X45=12,Z31,"""")))",,,"=IF(O29="""","""",1)",10,DaqBook points 29-38 used.,,,
,45,TUS Start Time:,,"=IF(ISBLANK(D30),"""",HOUR(D30)&"":""&MINUTE(D30))",,"=IF(D29="""",0,D29)",=D28-D26,,,,,,26,,"=IF(Access_Data!$K62=0,"""",Access_Data!$K62)",,"=IF(Access_Data!$K62<>0,IF(RIGHT($P30,3)=""Low"",Access_Data!$L62,IF(RIGHT($P30,4)=""High"",Access_Data!$J62,"""")),"""")","=IF(Access_Data!$M62<>0,Access_Data!$M62,"""")",,False,,,"=IF(O30="""","""",1)",11,DaqBook points 29-39 used.,,,
,,Survey End Time:,"=D30+TIME(0,D32,0)",,"=IF(AND(L31>0,G30>L31),""LAG TIME TOO HIGH!!!"","""")",,"=IF(AND(M31>0,H30>M31),""RECOVERY TIME TOO HIGH!!!!"","""")",,,,='Header Info'!CD2,='Header Info'!CE2,27,,"=IF(Access_Data!$K63=0,"""",Access_Data!$K63)",,"=IF(Access_Data!$K63<>0,IF(RIGHT($P31,3)=""Low"",Access_Data!$L63,IF(RIGHT($P31,4)=""High"",Access_Data!$J63,"""")),"""")","=IF(Access_Data!$M63<>0,Access_Data!$M63,"""")",,,,,"=IF(O31="""","""",1)",12,DaqBook points 29-40 used.,,,
,,Survey Length:,30,,"=IF(OR(Comparison_Report!R1=1,Comparison_Report!R2=1,Comparison_Report!R3=1,Comparison_Report!R4=1,Comparison_Report!R5=1,Comparison_Report!R6=1,Comparison_Report!R7=1,Comparison_Report!R8=1),""CHECK COMPARISON REPORT!!!"","""")",,,,,,,,28,,"=IF(Access_Data!$K64=0,"""",Access_Data!$K64)",,"=IF(Access_Data!$K64<>0,IF(RIGHT($P32,3)=""Low"",Access_Data!$L64,IF(RIGHT($P32,4)=""High"",Access_Data!$J64,"""")),"""")","=IF(Access_Data!$M64<>0,Access_Data!$M64,"""")",,,,,"=IF(O32="""","""",1)",,,,,
,,,,,,,,,,,,,29,,"=IF(Access_Data!$K65=0,"""",Access_Data!$K65)",,"=IF(Access_Data!$K65<>0,IF(RIGHT($P33,3)=""Low"",Access_Data!$L65,IF(RIGHT($P33,4)=""High"",Access_Data!$J65,"""")),"""")","=IF(Access_Data!$M65<>0,Access_Data!$M65,"""")",,,,,"=IF(O33="""","""",1)",,,,,
,Comparison Report Data,,,,,,,,,,,,30,,"=IF(Access_Data!$K66=0,"""",Access_Data!$K66)",,"=IF(Access_Data!$K66<>0,IF(RIGHT($P34,3)=""Low"",Access_Data!$L66,IF(RIGHT($P34,4)=""High"",Access_Data!$J66,"""")),"""")","=IF(Access_Data!$M66<>0,Access_Data!$M66,"""")",,,,,"=IF(O34="""","""",1)",,,,,
,,,"=IF(ISBLANK(D30),"""",D30)","=IF(ISBLANK($D$30),"""",IF($D$18=4,D35+TIME(0,4,0),D35+TIME(0,10,0)))","=IF(ISBLANK(D30),"""",IF($D$18=4,E35+TIME(0,4,0),E35+TIME(0,10,0)))","=IF(ISBLANK(D30),"""",IF($D$18=4,F35+TIME(0,4,0),F35+TIME(0,10,0)))","=IF(ISBLANK(D30),"""",IF($D$18=4,G35+TIME(0,4,0),""""))","=IF(ISBLANK(D30),"""",IF($D$18=4,H35+TIME(0,4,0),""""))","=IF(ISBLANK(D30),"""",IF($D$18=4,I35+TIME(0,4,0),""""))","=IF(ISBLANK(D30),"""",IF($D$18=4,J35+TIME(0,4,0),""""))","=IF(ISBLANK(D30),"""",IF($D$18=4,K35+TIME(0,2,0),""""))",,31,,"=IF(Access_Data!$K67=0,"""",Access_Data!$K67)",,"=IF(Access_Data!$K67<>0,IF(RIGHT($P35,3)=""Low"",Access_Data!$L67,IF(RIGHT($P35,4)=""High"",Access_Data!$J67,"""")),"""")","=IF(Access_Data!$M67<>0,Access_Data!$M67,"""")",,,,,"=IF(O35="""","""",1)",,,,,
,TUS Point #,Item Name,Reading 1,Reading 2,Reading 3,Reading 4,"=IF(D18=4,""Reading 5"","""")","=IF(D18=4,""Reading 6"","""")","=IF(D18=4,""Reading 7"","""")","=IF(D18=4,""Reading 8"","""")","=IF(D18=4,""Reading 9"","""")",,32,,"=IF(Access_Data!$K68=0,"""",Access_Data!$K68)",,"=IF(Access_Data!$K68<>0,IF(RIGHT($P36,3)=""Low"",Access_Data!$L68,IF(RIGHT($P36,4)=""High"",Access_Data!$J68,"""")),"""")","=IF(Access_Data!$M68<>0,Access_Data!$M68,"""")",,,,,"=IF(O36="""","""",1)",,,,,
,,,,,,,,,,,,,33,,"=IF(Access_Data!$K69=0,"""",Access_Data!$K69)",,"=IF(Access_Data!$K69<>0,IF(RIGHT($P37,3)=""Low"",Access_Data!$L69,IF(RIGHT($P37,4)=""High"",Access_Data!$J69,"""")),"""")","=IF(Access_Data!$M69<>0,Access_Data!$M69,"""")",,,,,"=IF(O37="""","""",1)",,,,,
,,,,,,,,,,,,,34,,"=IF(Access_Data!$K70=0,"""",Access_Data!$K70)",,"=IF(Access_Data!$K70<>0,IF(RIGHT($P38,3)=""Low"",Access_Data!$L70,IF(RIGHT($P38,4)=""High"",Access_Data!$J70,"""")),"""")","=IF(Access_Data!$M70<>0,Access_Data!$M70,"""")",,,,,"=IF(O38="""","""",1)",,,,,
,,,,,,,,,,,,,35,,"=IF(Access_Data!$K71=0,"""",Access_Data!$K71)",,"=IF(Access_Data!$K71<>0,IF(RIGHT($P39,3)=""Low"",Access_Data!$L71,IF(RIGHT($P39,4)=""High"",Access_Data!$J71,"""")),"""")","=IF(Access_Data!$M71<>0,Access_Data!$M71,"""")",,,,,"=IF(O39="""","""",1)",,,,,
,,,,,,,,,,,,,36,,"=IF(Access_Data!$K72=0,"""",Access_Data!$K72)",,"=IF(Access_Data!$K72<>0,IF(RIGHT($P40,3)=""Low"",Access_Data!$L72,IF(RIGHT($P40,4)=""High"",Access_Data!$J72,"""")),"""")","=IF(Access_Data!$M72<>0,Access_Data!$M72,"""")",,,,,"=IF(O40="""","""",1)",,,,,
,,,,,,,,,,,,,37,,"=IF(Access_Data!$K73=0,"""",Access_Data!$K73)",,"=IF(Access_Data!$K73<>0,IF(RIGHT($P41,3)=""Low"",Access_Data!$L73,IF(RIGHT($P41,4)=""High"",Access_Data!$J73,"""")),"""")","=IF(Access_Data!$M73<>0,Access_Data!$M73,"""")",,,,,"=IF(O41="""","""",1)",,,,,
,,,,,,,,,,,,,38,,"=IF(Access_Data!$K74=0,"""",Access_Data!$K74)",,"=IF(Access_Data!$K74<>0,IF(RIGHT($P42,3)=""Low"",Access_Data!$L74,IF(RIGHT($P42,4)=""High"",Access_Data!$J74,"""")),"""")","=IF(Access_Data!$M74<>0,Access_Data!$M74,"""")",,,,,"=IF(O42="""","""",1)",,,,,
,,,,,,,,,,,,,39,,"=IF(Access_Data!$K75=0,"""",Access_Data!$K75)",,"=IF(Access_Data!$K75<>0,IF(RIGHT($P43,3)=""Low"",Access_Data!$L75,IF(RIGHT($P43,4)=""High"",Access_Data!$J75,"""")),"""")","=IF(Access_Data!$M75<>0,Access_Data!$M75,"""")",,,,,"=IF(O43="""","""",1)",,,,,
,,,,,,,,,,,,,40,,"=IF(Access_Data!$K76=0,"""",Access_Data!$K76)",,"=IF(Access_Data!$K76<>0,IF(RIGHT($P44,3)=""Low"",Access_Data!$L76,IF(RIGHT($P44,4)=""High"",Access_Data!$J76,"""")),"""")","=IF(Access_Data!$M76<>0,Access_Data!$M76,"""")",,,,,"=IF(O44="""","""",1)",,,,,
,,,,,,,,,,,,,,,,,,,,,,,=SUM(X5:X44),,,,,
,,,Expendable Wire Data,,,,,,,,,Additional Information About This TUS,,,,,,,,,,,,,,,,
,,Wire Type:,,,,,,,"=IF(ISBLANK(D$47),"""",VLOOKUP($D$47,Standards_Info!$G$2:$H$4,2))","=IF(ISBLANK(Main!D48),"""",INDEX(OFFSET(Furnace_Data!$V:$V,,-5),MATCH(Main!D48,Furnace_Data!$V:$V,0)))",,TUS Type:,Periodic,,Atmosphere Used:,,Air,,,,,,,,,,,
,,Wire Set S/Ns:,,,,,,,"=IF(ISBLANK(Main!E$47),"""",VLOOKUP($D$47,Standards_Info!$G$2:$H$4,2))","=IF(ISBLANK(Main!E48),"""",INDEX(OFFSET(Furnace_Data!$V:$V,,-5),MATCH(Main!E48,Furnace_Data!$V:$V,0)))",,Tuning Constants,,,Hot Sensor Analysis (Type A or C Only),,,,,Cold Sensor Analysis (Type A or C Only),,,,,,,,
,,Cal. Date:,,,,,,,"=IF(ISBLANK(Main!F$47),"""",VLOOKUP($D$47,Standards_Info!$G$2:$H$4,2))","=IF(ISBLANK(Main!F48),"""",INDEX(OFFSET(Furnace_Data!$V:$V,,-5),MATCH(Main!F48,Furnace_Data!$V:$V,0)))",,Proportional:,"=IF('Header Info'!BV2="""","""",'Header Info'!BV2)",,Was the Hot Sensor within half-tolerance?,,,,,Was the Cold Sensor within half-tolerance?,,,,,,,,
,,Retire Date:,,,,,,,"=IF(ISBLANK(Main!G$47),"""",VLOOKUP($D$47,Standards_Info!$G$2:$H$4,2))","=IF(ISBLANK(Main!G48),"""",INDEX(OFFSET(Furnace_Data!$V:$V,,-5),MATCH(Main!G48,Furnace_Data!$V:$V,0)))",,Integral:,"=IF('Header Info'!BW2="""","""",'Header Info'!BW2)",,"(If ""yes"" no further analysis needed.)",,,,,"(If ""yes"" no further analysis needed.)",,,,,,,,
,,Total Uses:,,,,,,,"=IF(ISBLANK(Main!H$47),"""",VLOOKUP($D$47,Standards_Info!$G$2:$H$4,2))","=IF(ISBLANK(Main!H48),"""",INDEX(OFFSET(Furnace_Data!$V:$V,,-5),MATCH(Main!H48,Furnace_Data!$V:$V,0)))",,Derivative:,"=IF('Header Info'!BX2="""","""",'Header Info'!BX2)",,Was the hot senor the hottest location?,,,,,Was the cold senor the coldest location?,,,,,,,,
,,Uses Above 500°F:,,,,,,,"=IF(ISBLANK(I$47),"""",VLOOKUP($D$47,Standards_Info!$G$2:$H$4,2))","=IF(ISBLANK(Main!I48),"""",INDEX(OFFSET(Furnace_Data!$V:$V,,-5),MATCH(Main!I48,Furnace_Data!$V:$V,0)))",,Other:,"=IF('Header Info'!BY2="""","""",'Header Info'!BY2)",,"(If ""yes"" no further analysis needed.)",,,,,"(If ""yes"" no further analysis needed.)",,,,,,,,
,,Max Temp:,,,,,,,,,,Other:,"=IF('Header Info'!BZ2="""","""",'Header Info'!BZ2)",,Was the hot sensor within the SAT tolerance of actual hot test reading at the time this occurred?,,,,,Was the cold sensor within the SAT tolerance of actual cold test reading at the time this occurred?,,,,,,,,
,,Tracability #:,,,,,,,,,,Controller Correction Offset AF: ,0°F,,,,,,,,,,,,,,,
,,Wire Lot #:,,,,,,,,,,Controller Correction Offset AL: ,0°F,,Hi Test Rdg,Time,Hot Sensor,,,Lo Test Rdg,Time,Cold Sensor,,,,,,
,,# of Wires Used:,,,,,,,,,,Controller Modification Offset AF: ,0°F,,,,,,,,,,,,,,,
,,"Max Wire Depth (K only, over 500°F):",,,,,,,,,,Controller Modification Offset AL: ,0°F,,,,,,,,,,,,,,,
,,High Limit Testing,,,,,,,,,,,,,,,,,,,,,,,,,,
,,(Enter values for either 1 or 2 or none. Do not fill in information for both options 1 and 2),,,,,,,,,,,"=""DOORS OPENED FOR "" &L16& "" SECONDS TO SIMULATE LOAD ENTRY AT "" &L17& "".""",,,,,,,,,,,,,,,
,,,"1)     After TUS, high limit set at",,°F and oven setpoint raised until high limit system activated at ,,,,,,°F .,,"=""AFTER TUS, HIGH LIMIT SET AT "" &E60& ""°F AND OVEN SETPOINT RAISED UNTIL HIGH LIMIT SYSTEM ACTIVATED AT "" &K60& ""°F.""",,,,,,,,,,,,,,,
,,,"2) After TUS, high limit reading",,and high limit setpoint lowered until activation at,,,,,°F .,,,"=""AFTER TUS, HIGH LIMIT READING "" &E61& ""°F AND HIGH LIMIT SETPOINT LOWERED UNTIL ACTIVATION AT "" &J61& ""°F.""",,,,,,,,,,,,,,,
,,,,,"For non-indicating high limits, change the first instance of high limit to say controller in statement to the right in white.↑",,,,,,,,,,,,,,,,,,,,,,,
,,,,,,,,,,,,,,,,,,,,,,,,,,,,
,,,,,,,,,,,,,,,,,,,,,,,,,,,,
,,,,,,,,,,,,,,,,,,,,,,,,,,,,
,,,,,,,,,,,,,,,,,,,,,,,,,,,,
,,,,,,,,,,,,,,,,,,,,,,,,,,,,
,,,,,,,,,,,,,,,,,,,,,,,,,,,,
,,,,,,,,,,,,,,,,,,,,,,,,,,,,
,,,,,,,,,,,,,,,,,,,,,,,,,,,,
,,,,,,,,,,,,,,,,,,,,,,,,,,,,
,=TRANSPOSE(TUS_Worksheet!C$13:P$13),1,"=IF(B72:B111="""","""",C72:C111)",,,,,,,,,,"=IF(Access_Data!B$27="""",0,Access_Data!B$27)","=IF(Access_Data!$B$29="""",0,Access_Data!$B$29)","=IFERROR(Access_Data!$B$31,0)",,,,,,,,,,,,,
,,2,,,,,,,,,,,"=IF(Access_Data!C$27="""",0,Access_Data!C$27)","=IF(Access_Data!$C$29="""",0,Access_Data!$C$29)","=IF(ISERROR(Access_Data!$C$31),0,Access_Data!$C$31)",,,,,,,,,,,,,
,,3,,,,,,,,,,,"=IF(Access_Data!D$27="""",0,Access_Data!D$27)","=IF(Access_Data!$D$29="""",0,Access_Data!$D$29)","=IF(ISERROR(Access_Data!$D$31),0,Access_Data!$D$31)",,,,,,,,,,,,,
,,4,,,,,,,,,,,"=IF(Access_Data!E$27="""",0,Access_Data!E$27)","=IF(Access_Data!$E$29="""",0,Access_Data!$E$29)","=IF(ISERROR(Access_Data!$E$31),0,Access_Data!$E$31)",,,,,,,,,,,,,
,,5,,,,,,,,,,,"=IF(Access_Data!F$27="""",0,Access_Data!F$27)","=IF(Access_Data!$F$29="""",0,Access_Data!$F$29)","=IF(ISERROR(Access_Data!$F$31),0,Access_Data!$F$31)",,,,,,,,,,,,,
,,6,,,,,,,,,,,"=IF(Access_Data!G$27="""",0,Access_Data!G$27)","=IF(Access_Data!$G$29="""",0,Access_Data!$G$29)","=IF(ISERROR(Access_Data!$G$31),0,Access_Data!$G$31)",,,,,,,,,,,,,
,,7,,,,,,,,,,,"=IF(Access_Data!H$27="""",0,Access_Data!H$27)","=IF(Access_Data!$H$29="""",0,Access_Data!$H$29)","=IF(ISERROR(Access_Data!$H$31),0,Access_Data!$H$31)",,,,,,,,,,,,,
,,8,,,,,,,,,,,"=IF(Access_Data!I$27="""",0,Access_Data!I$27)","=IF(Access_Data!$I$29="""",0,Access_Data!$I$29)","=IF(ISERROR(Access_Data!$I$31),0,Access_Data!$I$31)",,,,,,,,,,,,,
,,9,,,,,,,,,,,"=IF(Access_Data!J$27="""",0,Access_Data!J$27)","=IF(Access_Data!$J$29="""",0,Access_Data!$J$29)","=IF(ISERROR(Access_Data!$J$31),0,Access_Data!$J$31)",,,,,,,,,,,,,
,,10,,,,,,,,,,,"=IF(Access_Data!K$27="""",0,Access_Data!K$27)","=IF(Access_Data!$K$29="""",0,Access_Data!$K$29)","=IF(ISERROR(Access_Data!$K$31),0,Access_Data!$K$31)",,,,,,,,,,,,,
,,11,,,,,,,,,,,"=IF(Access_Data!L$27="""",0,Access_Data!L$27)","=IF(Access_Data!$L$29="""",0,Access_Data!$L$29)","=IF(ISERROR(Access_Data!$L$31),0,Access_Data!$L$31)",,,,,,,,,,,,,
,,12,,,,,,,,,,,"=IF(Access_Data!M$27="""",0,Access_Data!M$27)","=IF(Access_Data!$M$29="""",0,Access_Data!$M$29)","=IF(ISERROR(Access_Data!$M$31),0,Access_Data!$M$31)",,,,,,,,,,,,,
,,13,,,AMS,,,,,,,,"=IF(Access_Data!N$27="""",0,Access_Data!N$27)","=IF(Access_Data!$N$29="""",0,Access_Data!$N$29)","=IF(ISERROR(Access_Data!$N$31),0,Access_Data!$N$31)",,,,,,,,,,,,,
,,14,,,Class,TUS Tol,SAT TOL,,,,,,"=IF(Access_Data!O$27="""",0,Access_Data!O$27)","=IF(Access_Data!$O$29="""",0,Access_Data!$O$29)","=IF(ISERROR(Access_Data!$O$31),0,Access_Data!$O$31)",,,,,,,,,,,,,
,=TRANSPOSE(TUS_Worksheet!C$19:P$19),15,,,1,5,=MAX(I86:J86),=D16*0.002,2,,,,"=IF(Access_Data!V$27="""",0,Access_Data!V$27)","=IF(Access_Data!$V$29="""",0,Access_Data!$V$29)","=IF(ISERROR(Access_Data!$V$31),0,Access_Data!$V$31)",,,,,,,,,,,,,
,,16,,,2,10,=MAX(I87:J87),=D16*0.003,3,,,,"=IF(Access_Data!W$27="""",0,Access_Data!W$27)","=IF(Access_Data!$W$29="""",0,Access_Data!$W$29)","=IF(ISERROR(Access_Data!$W$31),0,Access_Data!$W$31)",,,,,,,,,,,,,
,,17,,,3,15,=MAX(I88:J88),=D16*0.004,4,,,,"=IF(Access_Data!X$27="""",0,Access_Data!X$27)","=IF(Access_Data!$X$29="""",0,Access_Data!$X$29)","=IF(ISERROR(Access_Data!$X$31),0,Access_Data!$X$31)",,,,,,,,,,,,,
,,18,,,4,20,=MAX(I89:J89),=D16*0.004,4,,,,"=IF(Access_Data!Y$27="""",0,Access_Data!Y$27)","=IF(Access_Data!$Y$29="""",0,Access_Data!$Y$29)","=IF(ISERROR(Access_Data!$Y$31),0,Access_Data!$Y$31)",,,,,,,,,,,,,
,,19,,,5,25,=MAX(I90:J90),=D16*0.005,5,,,,"=IF(Access_Data!Z$27="""",0,Access_Data!Z$27)","=IF(Access_Data!$Z$29="""",0,Access_Data!$Z$29)","=IF(ISERROR(Access_Data!$Z$31),0,Access_Data!$Z$31)",,,,,,,,,,,,,
,,20,,,6,50,=MAX(I91:J91),=D16*0.01,10,,,,"=IF(Access_Data!AA$27="""",0,Access_Data!AA$27)","=IF(Access_Data!$AA$29="""",0,Access_Data!$AA$29)","=IF(ISERROR(Access_Data!$AA$31),0,Access_Data!$AA$31)",,,,,,,,,,,,,
,,21,,,,,,,,,,,"=IF(Access_Data!AB$27="""",0,Access_Data!AB$27)","=IF(Access_Data!$AB$29="""",0,Access_Data!$AB$29)","=IF(ISERROR(Access_Data!$AB$31),0,Access_Data!$AB$31)",,,,,,,,,,,,,
,,22,,,±,"=VLOOKUP(D19,G86:H91,2,FALSE)",°F,,,,,,"=IF(Access_Data!AC$27="""",0,Access_Data!AC$27)","=IF(Access_Data!$AC$29="""",0,Access_Data!$AC$29)","=IF(ISERROR(Access_Data!$AC$31),0,Access_Data!$AC$31)",,,,,,,,,,,,,
,,23,,,,"=CONCATENATE(F93,G93,H93)",,True,,,,,"=IF(Access_Data!AD$27="""",0,Access_Data!AD$27)","=IF(Access_Data!$AD27="""",0,Access_Data!$AD$29)","=IF(ISERROR(Access_Data!$AD31),0,Access_Data!$AD$31)",,,,,,,,,,,,,
,,24,,,,"=ROUNDDOWN(G93,2-(1+INT(LOG10(ABS(G93)))))",,,,,,,"=IF(Access_Data!AE$27="""",0,Access_Data!AE$27)","=IF(Access_Data!$AE$29="""",0,Access_Data!$AE$29)","=IF(ISERROR(Access_Data!$AE$31),0,Access_Data!$AE$31)",,,,,,,,,,,,,
,,25,,,,,,,,,,,"=IF(Access_Data!AF$27="""",0,Access_Data!AF$27)","=IF(Access_Data!$AF$29="""",0,Access_Data!$AF$29)","=IF(ISERROR(Access_Data!$AF$31),0,Access_Data!$AF$31)",,,,,,,,,,,,,
,,26,,,,,,,,,,,"=IF(Access_Data!AG$27="""",0,Access_Data!AG$27)","=IF(Access_Data!$AG$29="""",0,Access_Data!$AG$29)","=IF(ISERROR(Access_Data!$AG$31),0,Access_Data!$AG$31)",,,,,,,,,,,,,
,,27,,,,,,,,,,,"=IF(Access_Data!AH$27="""",0,Access_Data!AH$27)","=IF(Access_Data!$AH$29="""",0,Access_Data!$AH$29)","=IF(ISERROR(Access_Data!$AH$31),0,Access_Data!$AH$31)",,,,,,,,,,,,,
,,28,,,,,,,,,,,"=IF(Access_Data!AI$27="""",0,Access_Data!AI$27)","=IF(Access_Data!$AI$29="""",0,Access_Data!$AI$29)","=IF(ISERROR(Access_Data!$AI$31),0,Access_Data!$AI$31)",,,,,,,,,,,,,
,=TRANSPOSE(TUS_Worksheet!C$25:N$25),29,,,,,,,,,,,"=IF(Access_Data!AP$27="""",0,Access_Data!AP$27)","=IF(Access_Data!$AP$29="""",0,Access_Data!$AP$29)","=IF(ISERROR(Access_Data!$AP$31),0,Access_Data!$AP$31)",,,,,,,,,,,,,
,,30,,,,,,,,,,,"=IF(Access_Data!AQ$27="""",0,Access_Data!AQ$27)","=IF(Access_Data!$AQ$29="""",0,Access_Data!$AQ$29)","=IF(ISERROR(Access_Data!$AQ$31),0,Access_Data!$AQ$31)",,,,,,,,,,,,,
,,31,,,,,,,,,,,"=IF(Access_Data!AR$27="""",0,Access_Data!AR$27)","=IF(Access_Data!$AR$29="""",0,Access_Data!$AR$29)","=IF(ISERROR(Access_Data!$AR$31),0,Access_Data!$AR$31)",,,,,,,,,,,,,
,,32,,,,,,,,,,,"=IF(Access_Data!AS$27="""",0,Access_Data!AS$27)","=IF(Access_Data!$AS$29="""",0,Access_Data!$AS$29)","=IF(ISERROR(Access_Data!$AS$31),0,Access_Data!$AS$31)",,,,,,,,,,,,,
,,33,,,,,,,,,,,"=IF(Access_Data!AT$27="""",0,Access_Data!AT$27)","=IF(Access_Data!$AT$29="""",0,Access_Data!$AT$29)","=IF(ISERROR(Access_Data!$AT$31),0,Access_Data!$AT$31)",,,,,,,,,,,,,
,,34,,,,,,,,,,,"=IF(Access_Data!AU$27="""",0,Access_Data!AU$27)","=IF(Access_Data!$AU$29="""",0,Access_Data!$AU$29)","=IF(ISERROR(Access_Data!$AU$31),0,Access_Data!$AU$31)",,,,,,,,,,,,,
,,35,,,,,,,,,,,"=IF(Access_Data!AV$27="""",0,Access_Data!AV$27)","=IF(Access_Data!$AV$29="""",0,Access_Data!$AV$29)","=IF(ISERROR(Access_Data!$AV$31),0,Access_Data!$AV$31)",,,,,,,,,,,,,
,,36,,,,,,,,,,,"=IF(Access_Data!AW$27="""",0,Access_Data!AW$27)","=IF(Access_Data!$AW$29="""",0,Access_Data!$AW$29)","=IF(ISERROR(Access_Data!$AW$31),0,Access_Data!$AW$31)",,,,,,,,,,,,,
,,37,,,,,,,,,,,"=IF(Access_Data!AX$27="""",0,Access_Data!AX$27)","=IF(Access_Data!$AX$29="""",0,Access_Data!$AX$29)","=IF(ISERROR(Access_Data!$AX$31),0,Access_Data!$AX$31)",,,,,,,,,,,,,
,,38,,,,,,,,,,,"=IF(Access_Data!AY$27="""",0,Access_Data!AY$27)","=IF(Access_Data!$AY$29="""",0,Access_Data!$AY$29)","=IF(ISERROR(Access_Data!$AY$31),0,Access_Data!$AY$31)",,,,,,,,,,,,,
,,39,,,,,,,,,,,"=IF(Access_Data!AZ$27="""",0,Access_Data!AZ$27)","=IF(Access_Data!$AZ$29="""",0,Access_Data!$AZ$29)","=IF(ISERROR(Access_Data!$AZ$31),0,Access_Data!$AZ$31)",,,,,,,,,,,,,
,,40,,,,,,,,,,,"=IF(Access_Data!BA$27="""",0,Access_Data!BA$27)","=IF(Access_Data!$BA$29="""",0,Access_Data!$BA$29)","=IF(ISERROR(Access_Data!$BA$31),0,Access_Data!$BA$31)",,,,,,,,,,,,,
,,,,,,,,,,,,,,,,,,,,,,,,,,,,
,,,,,,,,,,,,,,,,,,,,,,,,,,,,
,,,,,,,,,,,,,,,,,,,,,,,,,,,,
,,,,,,,,,,,,,,,,,,,,,,,,,,,,
,,,,,,,,,,,,,,,,,,,,,,,,,,,,
,,,,,,,,,,,,,,,,,,,,,,,,,,,,
,,,,,,,,,,,,,,,,,,,,,,,,,,,,
,,,,,,,,,,,,,,,,,,,,,,,,,,,,
